src,dst,srcport,dstport,expected_seqNum,received_seqNums,n_received_variants
h144,h1,661,661,30,31 32 33 34 35 36 37 38 39 40 41,11
h10,h1,662,662,24,26 27 28 29,4
h82,h2,391,391,910,911 912 913,3
h109,h2,490,490,186,188 189 190,3
h109,h2,490,490,688,690,1
h53,h2,725,725,24,25 27 28 29 30 31 32 33 34,9
h121,h2,730,730,2734,2735 2736 2737 2738 2739 2740 2741 2742,8
h141,h2,463,463,5172,5173 5174 5175 5176 5177 5178 5179,7
h76,h5,412,412,568,569 570,2
h76,h5,412,412,1000,1001 1002 1003,3
h62,h5,583,583,15,16 17 18 19 20 21 22 23 24 25 26 27 28 29 30,15
h64,h5,300,300,2267,2268 2269 2270 2271,4
h100,h5,407,407,2241,2242 2243 2244 2245 2246,5
h109,h5,735,735,20,21 22 23 24 25 26 27 28 29,9
h130,h5,435,435,2284,2285 2287 2288,3
h131,h5,559,559,870,873 874 875,3
h107,h7,320,320,21,24 28 29 30 31 32 33 34 35,9
h78,h7,260,260,2605,2606 2607 2608,3
h23,h7,719,719,373,374 375 376,3
h23,h7,719,719,2826,2827 2828 2829 2830 2831 2832 2833 2834 2835,9
h30,h7,540,540,1732,1733 1734 1735 1736 1737,5
h15,h7,457,457,3270,3271 3272 3273 3274,4
h21,h8,257,257,42,43 46 47 48 49 50 51 52,8
h44,h8,262,262,2413,2414 2415 2416 2418 2419 2420 2421,7
h98,h8,663,663,853,855 856 857 858 859 860 861 862 863,9
h46,h8,598,598,1370,1371 1372 1373 1374 1375 1376 1377,7
h29,h8,127,127,5386,5388 5389 5390 5391,4
h10,h8,86,86,483,484,1
h3,h9,149,149,3386,3387 3388,2
h3,h9,149,149,3929,3930 3931 3932 3933,4
h3,h9,149,149,3934,3935 3936 3937 3938,4
h3,h9,149,149,4350,4352,1
h3,h9,149,149,4433,4434 4435 4436 4437 4438,5
h3,h9,149,149,4534,4536 4537 4538,3
h3,h9,149,149,4555,4556 4557,2
h3,h9,149,149,4611,4613 4614,2
h3,h9,149,149,4615,4616 4617,2
h3,h9,149,149,4632,4634,1
h25,h9,390,390,250,251 252 253 254 255 256,6
h25,h9,390,390,1155,1156 1157 1158 1161 1162,5
h25,h9,390,390,1159,1160,1
h25,h9,390,390,1199,1201 1202,2
h25,h9,390,390,1240,1244 1245 1246,3
h25,h9,390,390,1288,1289 1290 1291,3
h25,h9,390,390,1341,1342 1343 1344,3
h25,h9,390,390,1370,1372 1373,2
h25,h9,390,390,1385,1387 1388,2
h25,h9,390,390,3514,3515 3516 3517 3518 3519 3520 3521 3522,8
h31,h9,387,387,230,231 232 233 234 235,5
h31,h9,387,387,624,625 626 627 628,4
h31,h9,387,387,828,829 830,2
h31,h9,387,387,1142,1143 1144 1145,3
h31,h9,387,387,1503,1504 1505 1506,3
h31,h9,387,387,1594,1595 1596 1597 1598 1599 1600 1601 1602 1603,9
h39,h9,298,298,1221,1227 1228 1230 1231 1233,5
h39,h9,298,298,1542,1544 1545 1546,3
h39,h9,298,298,1949,1950 1951 1952 1953 1954 1955,6
h39,h9,298,298,2083,2085 2086 2087 2088,4
h39,h9,298,298,2496,2497 2498 2499 2500 2501,5
h39,h9,298,298,2871,2872 2873,2
h39,h9,298,298,2875,2876 2877 2878,3
h92,h9,323,323,930,931 932 933 934 935 936 937 938 939 940,10
h92,h9,323,323,1254,1256 1257 1258,3
h92,h9,323,323,2029,2032 2033,2
h92,h9,323,323,2356,2357 2358 2359,3
h92,h9,323,323,2405,2407 2408,2
h92,h9,323,323,2444,2445 2446 2447 2448,4
h92,h9,323,323,2757,2758 2759 2760,3
h4,h9,511,511,146,147 149,2
h4,h9,511,511,683,685 686 687,3
h4,h9,511,511,695,696 697 698,3
h4,h9,511,511,741,742 744 745,3
h4,h9,511,511,818,819 820 821,3
h4,h9,511,511,822,823,1
h4,h9,511,511,881,882 883 884 885 886,5
h108,h9,551,551,309,310 312 313 314 316 317,6
h108,h9,551,551,360,361 362 363,3
h108,h9,551,551,407,408 409 410 411 412 413 414,7
h108,h9,551,551,455,456 457 458,3
h108,h9,551,551,547,549 550 551 552,4
h108,h9,551,551,925,927 928 929 930 931,5
h49,h9,569,569,48,53 54 56 57,4
h49,h9,569,569,178,180 181 182 183,4
h49,h9,569,569,186,187 188 189,3
h49,h9,569,569,212,213 214 217,3
h49,h9,569,569,559,560 562 563 564,4
h49,h9,569,569,1038,1039 1040 1041,3
h67,h9,352,352,113,114 115 116 117,4
h141,h9,744,744,101,102 103 104,3
h141,h9,744,744,530,531 533 534,3
h141,h9,744,744,544,545 546,2
h141,h9,744,744,2607,2608 2609 2610 2611 2612 2613 2614,7
h52,h11,326,326,1400,1402 1403 1404 1405,4
h32,h12,404,404,1278,1279 1280 1281 1282,4
h32,h12,404,404,5362,5363 5364 5365 5366 5367 5368 5369,7
h144,h13,612,612,83,84 85 86 87,4
h15,h13,311,311,1762,1764 1765 1766,3
h15,h13,311,311,3053,3054 3055 3056 3057 3058 3059,6
h78,h13,494,494,891,892 893 894 895 896,5
h35,h13,531,531,707,708 709,2
h43,h13,444,444,1947,1948 1949 1950 1951 1952,5
h23,h14,325,325,10,12 13 14 15 16 17,6
h23,h14,325,325,2012,2013 2014 2015,3
h118,h14,213,213,1594,1595 1596,2
h118,h14,213,213,1999,2000 2001 2002 2003,4
h107,h14,472,472,696,697 698 699 700,4
h107,h14,472,472,1051,1052 1053 1054,3
h107,h14,472,472,1203,1206 1207,2
h107,h14,472,472,1491,1492 1493 1495 1496,4
h121,h14,602,602,63,64 65 66,3
h121,h14,602,602,384,385 386 387 388 389,5
h121,h14,602,602,530,531 532 533 534,4
h99,h14,265,265,1209,1210 1211 1212 1213,4
h99,h14,265,265,1379,1381 1382,2
h99,h14,265,265,1474,1476 1477,2
h99,h14,265,265,1506,1507 1508 1509,3
h99,h14,265,265,1984,1985 1986,2
h53,h14,301,301,1828,1829 1830 1831 1832 1833 1834,6
h53,h14,301,301,2100,2102 2103 2104 2105,4
h53,h14,301,301,2514,2515 2516 2517 2518 2519,5
h53,h14,301,301,2567,2568 2569 2570 2571 2572,5
h53,h14,301,301,3018,3019 3020 3021 3022 3023,5
h1,h14,366,366,1730,1731 1732 1733 1734,4
h1,h14,366,366,2075,2076 2077 2078 2079,4
h1,h14,366,366,2942,2943 2944 2945,3
h130,h14,302,302,1618,1620 1621,2
h130,h14,302,302,2307,2308 2309 2310 2311,4
h130,h14,302,302,2739,2740 2741 2742 2743,4
h46,h14,736,736,13,15 16 17 18 19 20,6
h98,h15,74,74,3267,3268 3269 3270,3
h98,h15,74,74,3959,3960 3961 3962,3
h13,h15,649,649,176,178 179 180,3
h13,h15,649,649,690,691 695,2
h13,h15,649,649,1203,1205 1206 1207,3
h20,h15,254,254,3906,3909 3910 3911,3
h125,h15,616,616,214,215 216 217,3
h125,h15,616,616,454,455 456 457,3
h125,h15,616,616,489,490 491 492 493,4
h89,h15,459,459,1169,1171,1
h89,h15,459,459,1471,1472 1473 1474 1475 1476 1477,6
h89,h15,459,459,1497,1498 1499 1500,3
h85,h15,640,640,655,656 657 658 659 660,5
h85,h15,640,640,698,699 700 701 702 703,5
h6,h15,740,740,250,251 252 253 254 255,5
h88,h16,718,718,13,15 16 17 18 19 20 21 22 23 24 25 26 27 28,14
h44,h17,771,771,11,12 13 15 16 17 18 19 20 21 22,10
h28,h17,674,674,930,931 932 933,3
h103,h17,268,268,3738,3740 3741,2
h79,h17,122,122,7932,7933 7934 7935 7936 7937 7938 7939 7940,8
h27,h18,460,460,1000,1001 1002 1003 1004 1005,5
h4,h18,415,415,862,863 864 865 866,4
h4,h18,415,415,1538,1539 1540,2
h4,h18,415,415,2365,2366 2368 2369 2370,4
h48,h18,480,480,931,932 933 934 935 936 937 938 939 940 941 942 943 944 945,14
h48,h18,480,480,1708,1709 1710 1711 1712 1713,5
h142,h18,620,620,240,241 242 243 244,4
h142,h18,620,620,393,394 395 396 397,4
h142,h18,620,620,982,983 984 985 986,4
h24,h18,651,651,954,956 957 958 959 960,5
h57,h18,507,507,893,896,1
h57,h18,507,507,1592,1593 1594 1595 1596,4
h60,h18,361,361,2933,2935,1
h119,h18,754,754,12,13 14 15 16 17 18 19 20 21 22 23 24,12
h119,h18,754,754,172,173 174 175 176,4
h119,h18,754,754,1158,1160 1161 1163 1164 1165 1166 1167,7
h60,h18,741,741,14,15 16 17 18 19 20 21,7
h124,h19,227,227,1356,1357 1358 1359 1360 1361 1362 1363 1364 1365,9
h124,h19,227,227,1444,1445 1446 1447,3
h26,h20,280,280,2728,2729 2730 2731 2732 2733,5
h26,h20,280,280,2967,2968 2969 2970 2971,4
h129,h20,330,330,1207,1208 1209 1210 1211 1212,5
h129,h20,330,330,1333,1334 1335 1336 1337 1338,5
h41,h20,604,604,10,11 12 13 14 15 16 17,7
h35,h20,536,536,480,481 482 483,3
h22,h20,642,642,389,391 392 393,3
h117,h21,378,378,1283,1285 1286 1287 1288,4
h117,h21,378,378,2487,2489 2490 2491 2492 2493,5
h1,h21,345,345,1708,1709 1711 1712,3
h10,h21,606,606,11,13 14 15 16 17 18 19 20 21 22 23,11
h65,h21,431,431,1189,1190 1191 1192 1193 1194 1195,6
h65,h21,431,431,1586,1588 1589 1590 1591 1592 1593,6
h73,h21,445,445,1472,1473 1474 1475 1476 1477,5
h80,h22,532,532,1123,1124 1125 1126,3
h35,h22,486,486,969,970 971,2
h143,h23,682,682,6,7 13 14 15,4
h17,h24,271,271,1900,1901 1902 1903 1904 1905 1906,6
h82,h25,216,216,933,934 935 936 937 938,5
h82,h25,216,216,1355,1356 1357 1358,3
h131,h25,299,299,484,485 486 487 488 489,5
h131,h25,299,299,1699,1701 1702 1703,3
h6,h25,261,261,690,691 693 694 695,4
h6,h25,261,261,861,862 863,2
h34,h25,98,98,1866,1868 1870 1871,3
h34,h25,98,98,2039,2040 2041,2
h139,h25,37,37,3186,3187 3188 3189 3190,4
h139,h25,37,37,3505,3506 3507 3508 3509,4
h99,h25,238,238,807,808 809 810 811 812,5
h99,h25,238,238,1232,1233 1234 1235 1236 1237 1238,6
h22,h25,474,474,32,33 34 35,3
h132,h25,562,562,688,689 690 691 692 693,5
h128,h26,214,214,856,857 858,2
h128,h26,214,214,918,919 920 921,3
h68,h26,375,375,478,479 480 481 482 483,5
h131,h26,80,80,2698,2699 2700 2702 2703,4
h131,h26,80,80,4037,4038 4039 4040 4041 4042,5
h124,h26,231,231,1206,1208 1210 1211 1212,4
h42,h26,150,150,2034,2036 2037 2038 2039 2040 2041,6
h42,h26,150,150,2759,2760 2761 2762 2763 2764,5
h13,h26,440,440,13,15 16 17 18 19 20,6
h2,h26,560,560,44,45 46,2
h20,h26,461,461,797,798 799,2
h20,h26,461,461,1293,1294 1295 1296 1297,4
h20,h26,461,461,1754,1755 1756 1757 1758 1759,5
h117,h26,737,737,235,236 237 238 239 240 241,6
h117,h26,456,456,1459,1460 1461 1462 1463 1464,5
h7,h27,266,266,751,752 753 754 755,4
h7,h27,266,266,823,824 825 826 827 828 829 830,7
h7,h27,266,266,3123,3124 3125 3126,3
h132,h27,420,420,251,252 253 254,3
h132,h27,420,420,1080,1082 1083,2
h132,h27,420,420,1092,1093 1094,2
h140,h27,48,48,5301,5302 5303 5304,3
h91,h27,496,496,959,960 961,2
h100,h27,683,683,277,278,1
h34,h27,666,666,370,372,1
h56,h28,589,589,878,879 880 881 882,4
h40,h28,756,756,14,15 16 17 18 19 20 21 22,8
h137,h28,702,702,440,442 443 444,3
h142,h28,402,402,3092,3093 3094 3095 3096,4
h60,h28,701,701,1870,1871 1872 1873 1874,4
h60,h28,701,701,1953,1954 1955 1956 1957 1958,5
h82,h29,510,510,1184,1185 1186 1187 1188 1189,5
h82,h29,510,510,2687,2688 2689 2690 2691 2692 2693 2694,7
h54,h30,156,156,3161,3162 3163 3165 3166,4
h54,h30,156,156,4367,4368 4369 4370 4371 4372,5
h55,h30,414,414,435,436 437 438 439 440,5
h55,h30,414,414,1162,1163 1164 1165 1166 1167 1168,6
h95,h30,467,467,22,26 27 28,3
h103,h30,179,179,3268,3269 3270 3271 3272,4
h32,h30,434,434,1347,1348 1349 1350,3
h32,h30,434,434,1411,1412 1413 1414 1415,4
h32,h30,434,434,1914,1915 1916 1917 1918 1919,5
h63,h30,545,545,12,15 16 17 18 19,5
h58,h31,113,113,2058,2059 2060 2061 2062 2064,5
h58,h31,113,113,2168,2169 2171 2172 2173 2174 2175 2176 2177,8
h121,h32,76,76,2211,2212 2213 2215 2216 2217,5
h121,h32,76,76,2474,2475 2476 2477 2478 2479,5
h121,h32,76,76,3344,3346 3347,2
h121,h32,76,76,3620,3622 3623,2
h121,h32,76,76,3674,3675 3676 3677,3
h121,h32,76,76,3728,3729,1
h30,h32,360,360,177,180 181 182,3
h30,h32,360,360,1299,1300 1301 1302,3
h30,h32,360,360,1917,1918 1919 1920,3
h30,h32,360,360,1983,1984 1985 1986,3
h30,h32,360,360,1989,1991,1
h30,h32,360,360,2113,2114 2115,2
h30,h32,360,360,2820,2821 2822 2823 2824 2825 2826 2827,7
h30,h32,360,360,3060,3061 3062 3063 3064,4
h88,h32,16,16,3210,3211 3212 3213 3214 3215 3216,6
h88,h32,16,16,3472,3474 3475 3476 3477,4
h88,h32,16,16,3485,3486 3487 3488,3
h88,h32,16,16,3870,3871 3872 3873 3874,4
h88,h32,16,16,3910,3911 3912 3913,3
h70,h32,125,125,1651,1653 1654 1655 1656 1657 1658,6
h70,h32,125,125,1879,1880 1881 1882 1883 1884,5
h70,h32,125,125,3169,3170 3171 3172,3
h70,h32,125,125,3251,3253 3254,2
h70,h32,125,125,3308,3309 3310 3311 3312,4
h70,h32,125,125,3439,3440 3441 3442 3443 3444 3445,6
h70,h32,125,125,3623,3627 3628,2
h63,h32,380,380,12,15 16 17 18 19,5
h33,h32,385,385,708,709 710 711 712 713,5
h33,h32,385,385,903,904 905 906 907,4
h33,h32,385,385,1662,1663 1664 1665 1666,4
h33,h32,385,385,1846,1848 1849 1850 1851 1852,5
h33,h32,385,385,2749,2750 2751 2752 2753,4
h100,h32,438,438,231,232 233 234 235 236 237 238,7
h100,h32,438,438,745,746 747 748 749,4
h100,h32,438,438,757,758 759 760,3
h100,h32,438,438,963,964,1
h100,h32,438,438,1012,1013 1014 1015,3
h100,h32,438,438,1065,1066 1067 1068 1069 1070,5
h100,h32,438,438,1652,1653 1654 1655 1656,4
h100,h32,438,438,1793,1794 1795 1796 1797,4
h33,h32,704,704,610,611 612 613 614 615 616 617,7
h33,h32,704,704,707,708 709 710,3
h33,h32,704,704,783,784 785 786 787,4
h33,h32,704,704,828,829 830 831 832,4
h51,h32,498,498,1365,1366 1367 1368 1369 1370 1371 1372,7
h51,h32,498,498,1884,1885 1886 1887 1888,4
h100,h32,769,769,32,34 35 36 37 39 40 41 42 43 44 45 46 47 48,14
